First_Name,Last_Name,Comapany,Work_Email,Username,Password
Osanda,Deshan,MaxSoft,osanda.deshan92@eyesoft.com,osandadeshan92,Osanda@92
Gemunu,Priyadarshana,Gemunu.lk,gpriyadarshana8@eyesoft.com,gemunulk8,Gemunu@89
Eranga,Heshan,eyeSoft,eranga.heshan23@eyesoft.com,erangaheshan23,Eranga@93